CREATE TABLE t1(pk INT, PRIMARY KEY(pk));
SET rocksdb_bulk_load=1;
INSERT INTO t1 VALUES(10);
INSERT INTO t1 VALUES(11);
INSERT INTO t1 VALUES(9);
ERROR HY000: Rows must be inserted in primary key order during bulk load operation
SET rocksdb_bulk_load=0;
SELECT * FROM t1;
pk
10
11
SET rocksdb_bulk_load=1;
INSERT INTO t1 VALUES(1);
INSERT INTO t1 VALUES(2);
INSERT INTO t1 VALUES(20);
INSERT INTO t1 VALUES(21);
SET rocksdb_bulk_load=0;
ERROR HY000: Lost connection to MySQL server during query
TRUNCATE TABLE t1;
SET rocksdb_bulk_load_allow_unsorted=1;
SET rocksdb_bulk_load=1;
INSERT INTO t1 VALUES(100);
INSERT INTO t1 VALUES(101);
INSERT INTO t1 VALUES(99);
SET rocksdb_bulk_load=0;
SELECT * FROM t1;
pk
99
100
101
TRUNCATE TABLE t1;
SET rocksdb_bulk_load=1;
INSERT INTO t1 VALUES(201);
INSERT INTO t1 VALUES(200);
INSERT INTO t1 VALUES(202);
INSERT INTO t1 VALUES(201);
ERROR 23000: Failed to insert the record: the key already exists
SET rocksdb_bulk_load=0;
SELECT * FROM t1;
pk
200
201
202
SET rocksdb_bulk_load_allow_unsorted=DEFAULT;
DROP TABLE t1;
