DROP TABLE IF EXISTS t1;
DROP TABLE IF EXISTS VAR_POP;
DROP TABLE IF EXISTS TEMP0;
DROP TABLE IF EXISTS VAR_SAMP;
CREATE TABLE t1 (i INT, j INT, k INT, PRIMARY KEY (i)) ENGINE = ROCKSDB PARTITION BY KEY(i) PARTITIONS 4;
SHOW TABLES;
Tables_in_test
TEMP0
VAR_POP
VAR_SAMP
t1
SELECT * FROM t1 ORDER BY i LIMIT 10;
i	j	k
1	1	1
2	2	2
3	3	3
4	4	4
5	5	5
6	6	6
7	7	7
8	8	8
9	9	9
10	10	10
SELECT COUNT(*) FROM t1;
COUNT(*)
1000
DROP TABLE t1;
DROP TABLE VAR_POP;
DROP TABLE TEMP0;
DROP TABLE VAR_SAMP;
