CREATE TABLE t1 (f1 INTEGER AUTO_INCREMENT PRIMARY KEY, f2 VARCHAR(254)) ENGINE=InnoDB;
CREATE TABLE ten (f1 INTEGER);
INSERT INTO ten VALUES (1), (2), (3), (4), (5), (6), (7), (8), (9), (10);
SET SESSION wsrep_trx_fragment_size = 256;
SET GLOBAL wsrep_provider_options='repl.max_ws_size=128';
START TRANSACTION;
INSERT INTO t1 (f2) SELECT REPEAT('x', 254) FROM ten AS a1, ten AS a2;
ERROR HY000: Got error 0 - 'commit_error' during COMMIT
SET SESSION TRANSACTION ISOLATION LEVEL READ UNCOMMITTED;
SELECT COUNT(*) = 0 FROM t1;
COUNT(*) = 0
1
SET SESSION TRANSACTION ISOLATION LEVEL REPEATABLE READ;
SELECT COUNT(*) = 0 FROM t1;
COUNT(*) = 0
1
DROP TABLE t1;
DROP TABLE ten;
CALL mtr.add_suppression("transaction size limit.*");
