CREATE TABLE t1 (f1 INTEGER PRIMARY KEY) ENGINE=InnoDB;
SET SESSION wsrep_trx_fragment_size = 1;
SET AUTOCOMMIT=OFF;
START TRANSACTION;
INSERT INTO t1 VALUES (1);
INSERT INTO t1 VALUES (2);
INSERT INTO t1 VALUES (3);
INSERT INTO t1 VALUES (4);
INSERT INTO t1 VALUES (5);
# restart
INSERT INTO t1 VALUES (6);
INSERT INTO t1 VALUES (7);
INSERT INTO t1 VALUES (8);
INSERT INTO t1 VALUES (9);
INSERT INTO t1 VALUES (10);
COMMIT;
SELECT COUNT(*) = 10 FROM t1;
COUNT(*) = 10
1
SELECT COUNT(*) = 10 FROM t1;
COUNT(*) = 10
1
SELECT COUNT(*) = 10 FROM t1;
COUNT(*) = 10
1
DROP TABLE t1;
