CREATE TABLE t1 (f1 INTEGER PRIMARY KEY, f2 VARCHAR(100)) ENGINE=InnoDB;
CREATE TABLE m1 (f1 INTEGER PRIMARY KEY, f2 VARCHAR(100)) ENGINE=myisam;
INSERT INTO t1 values (1, 'row');
INSERT INTO m1 values (1, 'row');
CREATE USER 'user1';
CREATE DEFINER=root@localhost VIEW v AS SELECT * FROM t1;
DROP VIEW v;
CREATE DEFINER=user1 VIEW  v AS SELECT * FROM t1;
DROP VIEW v;
CREATE DEFINER=user1 VIEW v AS SELECT * FROM m1;
DROP VIEW v;
CREATE DEFINER=root@localhost VIEW v AS SELECT * FROM m1;
DROP VIEW v;
CREATE  VIEW v AS SELECT * FROM t1;
DROP VIEW v;
CREATE  VIEW  v AS SELECT * FROM m1;
DROP VIEW v;
DROP TABLE t1, m1;
DROP USER 'user1';
