CREATE TABLE t1 (f1 INT PRIMARY KEY) Engine=InnoDB;
SET GLOBAL wsrep_mysql_replication_bundle = 2;
Warnings:
Warning	1287	'@@wsrep_mysql_replication_bundle' is deprecated and will be removed in a future release.
INSERT INTO t1 VALUES (1);
SELECT COUNT(*) = 0 FROM t1;
COUNT(*) = 0
0
INSERT INTO t1 VALUES (2);
SELECT COUNT(*) = 2 FROM t1;
COUNT(*) = 2
1
SET GLOBAL wsrep_mysql_replication_bundle = 0;
Warnings:
Warning	1287	'@@wsrep_mysql_replication_bundle' is deprecated and will be removed in a future release.
DROP TABLE t1;
