CREATE TABLE t1 (f1 INTEGER) ENGINE=InnoDB;
CREATE TABLE t2 (f1 INTEGER) ENGINE=InnoDB;
CREATE TABLE t3 (f1 INTEGER) ENGINE=InnoDB;
CREATE TRIGGER tr1 BEFORE INSERT ON t1 FOR EACH ROW INSERT INTO t2 VALUES (NEW.f1);
CREATE TRIGGER tr2 BEFORE INSERT ON t1 FOR EACH ROW INSERT INTO t3 VALUES (NEW.f1);
INSERT INTO t1 VALUES (1);
SELECT f1 = 1 FROM t2;
f1 = 1
1
SELECT f1 = 1 FROM t3;
f1 = 1
1
SHOW TRIGGERS FROM test;
Trigger	Event	Table	Statement	Timing	Created	sql_mode	Definer	character_set_client	collation_connection	Database Collation
tr1	INSERT	t1	INSERT INTO t2 VALUES (NEW.f1)	BEFORE	<Created>	ONLY_FULL_GROUP_BY,STRICT_TRANS_TABLES,NO_ZERO_IN_DATE,NO_ZERO_DATE,ERROR_FOR_DIVISION_BY_ZERO,NO_ENGINE_SUBSTITUTION	root@localhost	utf8mb4	utf8mb4_0900_ai_ci	utf8mb4_0900_ai_ci
tr2	INSERT	t1	INSERT INTO t3 VALUES (NEW.f1)	BEFORE	<Created>	ONLY_FULL_GROUP_BY,STRICT_TRANS_TABLES,NO_ZERO_IN_DATE,NO_ZERO_DATE,ERROR_FOR_DIVISION_BY_ZERO,NO_ENGINE_SUBSTITUTION	root@localhost	utf8mb4	utf8mb4_0900_ai_ci	utf8mb4_0900_ai_ci
INSERT INTO t1 VALUES (2);
SELECT COUNT(*) = 2 FROM t2;
COUNT(*) = 2
1
SELECT COUNT(*) = 2 FROM t3;
COUNT(*) = 2
1
DROP TABLE t1,t2,t3;
create table t1 (id int, c char(10), primary key pk(id));
create table t2 (id int, c char(10), primary key pk(id));
create trigger ins_t2 after insert on t1 for each row insert into t2 values (new.id);
begin;
insert into t1 values (1, 'portugal');
ERROR 21S01: Column count doesn't match value count at row 1
commit;
select * from t1;
id	c
select * from t2;
id	c
drop trigger ins_t2;
drop table t1, t2;
