CREATE TEMPORARY TABLE t1 (f1 integer);
CREATE VIEW v1 AS SELECT * FROM t1;
ERROR HY000: View's SELECT refers to a temporary table 't1'
DROP TABLE t1;
CREATE TEMPORARY TABLE t1 (f1 integer);
CREATE TABLE t2 (f1 integer);
CREATE VIEW v1 AS SELECT 1 FROM t1, t2;
ERROR HY000: View's SELECT refers to a temporary table 't1'
DROP TABLE t1, t2;
CREATE TEMPORARY TABLE t1 (f1 integer);
ALTER TABLE t1 ADD COLUMN f2 INTEGER;
DROP TABLE t1;
CREATE TABLE t1 (f1 INTEGER) ENGINE=InnoDB;
CREATE TEMPORARY TABLE t1 (f2 INTEGER) ENGINE=InnoDB;
ALTER TABLE t1 CHANGE COLUMN f2 f2 BIGINT;
DROP TABLE t1;
DROP TABLE t1;
CREATE TEMPORARY TABLE t1 (f1 INTEGER);
CREATE TRIGGER tr1 AFTER INSERT ON t1 FOR EACH ROW INSERT INTO t1 VALUES (1);
ERROR HY000: Trigger's 't1' is view or temporary table
DROP TABLE t1;
